[
  {
    "id": "1",
    "name": "San Vito lo Capo",
    "loc": {
      "lat": 38.175824,
      "lng": 12.738189
    }
  },
  {
    "id": "2",
    "name": "Guidaloca",
    "loc": {
      "lat": 38.056636,
      "lng": 12.840069
    }
  },
  {
    "id": "3",
    "name": "Riserva dello Zingaro",
    "loc": {
      "lat": 38.126091,
      "lng": 12.788149
    }
  },
  {
    "id": "4",
    "name": "Isola delle Femmine",
    "loc": {
      "lat": 38.198205,
      "lng": 13.249322
    }
  },
  {
    "id": "5",
    "name": "Tonnara di Scopello",
    "loc": {
      "lat": 38.071704,
      "lng": 12.821766
    }
  },
  {
    "id": "6",
    "name": "Cala Rossa",
    "flickr": "calarossa",
    "loc": {
      "lat": 37.922363,
      "lng": 12.364616
    }
  },
  {
    "id": "7",
    "name": "Addaura",
    "loc": {
      "lat": 38.189269,
      "lng": 13.349247
    }
  },
  {
    "id": "8",
    "name": "Punta Barcarello",
    "loc": {
      "lat": 38.208668,
      "lng": 13.282432
    }
  },
  {
    "id": "9",
    "name": "Alcamo Marina",
    "loc": {
      "lat": 38.035431,
      "lng": 12.962871
    }
  },
  {
    "id": "10",
    "name": "Terrasini",
    "loc": {
      "lat": 38.152553,
      "lng": 13.077484
    }
  }
]
